연번,소재지,지목,면적(㎡),공시가격(원/㎡),조정가격(원/㎡),,
1,제주특별자치도 서귀포시 서귀동 84-7,대,158 ,537000 ,520800 ,,
2,제주특별자치도 서귀포시 서귀동 204-7,대,446 ,2841000 ,2700000 ,,
3,제주특별자치도 서귀포시 서귀동 276-6,대,788 ,1403000 ,1211000 ,,
4,제주특별자치도 서귀포시 서귀동 296-2,대,1090 ,2522000 ,1700000 ,,
5,제주특별자치도 서귀포시 서귀동 478-5,대,446 ,981700 ,926300 ,,
6,제주특별자치도 서귀포시 서귀동 478-6,대,9 ,1043000 ,926300 ,,
7,제주특별자치도 서귀포시 서귀동 645-1,대,512 ,526000 ,499300 ,,
8,제주특별자치도 서귀포시 법환동 448,대,364 ,328300 ,281900 ,,
9,제주특별자치도 서귀포시 법환동 458-1,대,199 ,224500 ,190800 ,,
10,제주특별자치도 서귀포시 법환동 521-1,대,919 ,243200 ,236800 ,,
11,제주특별자치도 서귀포시 법환동 1593-4,전,34 ,293500 ,250000 ,,
12,제주특별자치도 서귀포시 법환동 1639-7,전,53 ,293500 ,250000 ,,
13,제주특별자치도 서귀포시 법환동 1640,묘,132 ,293500 ,250000 ,,
14,제주특별자치도 서귀포시 법환동 1641-7,과,78 ,293500 ,250000 ,,
15,제주특별자치도 서귀포시 법환동 1641-8,과,230 ,293500 ,250000 ,,
16,제주특별자치도 서귀포시 서호동 34,전,3787 ,170700 ,161400 ,,
17,제주특별자치도 서귀포시 서호동 649-2,대,1200 ,167600 ,148200 ,,
18,제주특별자치도 서귀포시 서호동 1257-2,임,182 ,57000 ,23300 ,,
19,제주특별자치도 서귀포시 서호동 1258-2,전,1094 ,56500 ,25300 ,,
20,제주특별자치도 서귀포시 서호동 1259-2,임,142 ,51900 ,23300 ,,
21,제주특별자치도 서귀포시 호근동 2,답,1587 ,26500 ,32000 ,,
22,제주특별자치도 서귀포시 호근동 41,답,1359 ,26500 ,32000 ,,
23,제주특별자치도 서귀포시 호근동 57,답,1124 ,26500 ,32000 ,,
24,제주특별자치도 서귀포시 호근동 60,답,942 ,26500 ,32000 ,,
25,제주특별자치도 서귀포시 호근동 67,답,460 ,26500 ,32000 ,,
26,제주특별자치도 서귀포시 호근동 84,답,430 ,26500 ,32000 ,,
27,제주특별자치도 서귀포시 호근동 85,답,337 ,26500 ,32000 ,,
28,제주특별자치도 서귀포시 호근동 86,답,542 ,26500 ,32000 ,,
29,제주특별자치도 서귀포시 호근동 96,과,2182 ,27800 ,41000 ,,
30,제주특별자치도 서귀포시 호근동 97,답,628 ,18300 ,41000 ,,
31,제주특별자치도 서귀포시 호근동 100,답,456 ,26500 ,41000 ,,
32,제주특별자치도 서귀포시 호근동 108,과,1346 ,27800 ,44000 ,,
33,제주특별자치도 서귀포시 호근동 111,과,1742 ,18300 ,46000 ,,
34,제주특별자치도 서귀포시 호근동 113,과,460 ,27800 ,41000 ,,
35,제주특별자치도 서귀포시 호근동 124,답,869 ,27800 ,46000 ,,
36,제주특별자치도 서귀포시 호근동 124-2,답,60 ,26500 ,46000 ,,
37,제주특별자치도 서귀포시 호근동 125,과,661 ,27800 ,46000 ,,
38,제주특별자치도 서귀포시 호근동 125-2,답,281 ,27800 ,46000 ,,
39,제주특별자치도 서귀포시 호근동 129,답,357 ,26500 ,32000 ,,
40,제주특별자치도 서귀포시 호근동 136-1,답,1788 ,27800 ,44000 ,,
41,제주특별자치도 서귀포시 호근동 136-2,전,185 ,27800 ,44000 ,,
42,제주특별자치도 서귀포시 호근동 136-4,답,116 ,27800 ,44000 ,,
43,제주특별자치도 서귀포시 호근동 136-5,답,36 ,27800 ,44000 ,,
44,제주특별자치도 서귀포시 호근동 137,전,1623 ,27800 ,44000 ,,
45,제주특별자치도 서귀포시 호근동 138,전,2198 ,27800 ,44000 ,,
46,제주특별자치도 서귀포시 호근동 139,과,5643 ,27800 ,44000 ,,
47,제주특별자치도 서귀포시 호근동 155,과,1792 ,22500 ,28000 ,,
48,제주특별자치도 서귀포시 호근동 156,과,893 ,22500 ,28000 ,,
49,제주특별자치도 서귀포시 호근동 157,과,1326 ,22500 ,28000 ,,
50,제주특별자치도 서귀포시 호근동 158-1,전,1074 ,22500 ,28000 ,,
51,제주특별자치도 서귀포시 호근동 160,답,893 ,22500 ,28000 ,,
52,제주특별자치도 서귀포시 호근동 161,답,489 ,22500 ,28000 ,,
53,제주특별자치도 서귀포시 호근동 165,과,1517 ,22600 ,28000 ,,
54,제주특별자치도 서귀포시 호근동 166,과,2807 ,22500 ,28000 ,,
55,제주특별자치도 서귀포시 호근동 168-1,과,1326 ,22500 ,28000 ,,
56,제주특별자치도 서귀포시 호근동 168-2,과,3633 ,22500 ,28000 ,,
57,제주특별자치도 서귀포시 호근동 168-3,과,737 ,22500 ,28000 ,,
58,제주특별자치도 서귀포시 호근동 179,과,985 ,23200 ,32000 ,,
59,제주특별자치도 서귀포시 호근동 196,전,3104 ,34000 ,59300 ,,
60,제주특별자치도 서귀포시 호근동 201,전,1328 ,59300 ,75000 ,,
61,제주특별자치도 서귀포시 호근동 208,전,2127 ,61200 ,73000 ,,
62,제주특별자치도 서귀포시 호근동 208-3,전,416 ,62500 ,75000 ,,
63,제주특별자치도 서귀포시 호근동 209,전,1927 ,34000 ,55000 ,,
64,제주특별자치도 서귀포시 호근동 215,전,1569 ,48000 ,58000 ,,
65,제주특별자치도 서귀포시 호근동 215-1,전,1568 ,48000 ,58000 ,,
66,제주특별자치도 서귀포시 호근동 216-1,임,2272 ,44100 ,53000 ,,
67,제주특별자치도 서귀포시 호근동 216-4,임,253 ,28200 ,43000 ,,
68,제주특별자치도 서귀포시 호근동 217,임,4245 ,44100 ,53000 ,,
69,제주특별자치도 서귀포시 호근동 220-1,과,10896 ,21100 ,38000 ,,
70,제주특별자치도 서귀포시 호근동 226-1,전,3035 ,36300 ,44000 ,,
71,제주특별자치도 서귀포시 호근동 226-2,전,3491 ,36300 ,47000 ,,
72,제주특별자치도 서귀포시 호근동 227,대,281 ,41800 ,51000 ,,
73,제주특별자치도 서귀포시 호근동 234-2,전,2202 ,34000 ,44000 ,,
74,제주특별자치도 서귀포시 호근동 237,답,889 ,36300 ,44000 ,,
75,제주특별자치도 서귀포시 호근동 242,과,6251 ,21200 ,26000 ,,
76,제주특별자치도 서귀포시 호근동 243,전,2063 ,36300 ,44000 ,,
77,제주특별자치도 서귀포시 호근동 244-1,과,2651 ,36300 ,44000 ,,
78,제주특별자치도 서귀포시 호근동 247-1,전,2780 ,36300 ,49000 ,,
79,제주특별자치도 서귀포시 호근동 249-1,임,5921 ,31100 ,38000 ,,
80,제주특별자치도 서귀포시 호근동 664,과,3990 ,22600 ,28000 ,,
81,제주특별자치도 서귀포시 호근동 667-1,과,3924 ,26500 ,32000 ,,
82,제주특별자치도 서귀포시 호근동 668,과,301 ,22500 ,28000 ,,
83,제주특별자치도 서귀포시 호근동 669-1,대,215 ,31900 ,39000 ,,
84,제주특별자치도 서귀포시 호근동 669-2,대,909 ,31500 ,38000 ,,
85,제주특별자치도 서귀포시 호근동 670,과,2116 ,22500 ,28000 ,,
86,제주특별자치도 서귀포시 호근동 671,전,1729 ,22500 ,28000 ,,
87,제주특별자치도 서귀포시 호근동 675,전,2152 ,22500 ,28000 ,,
88,제주특별자치도 서귀포시 호근동 686,과,1822 ,24100 ,29000 ,,
89,제주특별자치도 서귀포시 호근동 686-1,과,1018 ,22500 ,28000 ,,
90,제주특별자치도 서귀포시 호근동 2059,과,5140 ,54100 ,43000 ,,
91,제주특별자치도 서귀포시 호근동 2090-2,임,5723 ,131400 ,24000 ,,
92,제주특별자치도 서귀포시 호근동 2091-4,임,8436 ,107600 ,24000 ,,
93,제주특별자치도 서귀포시 호근동 2092,임,1157 ,131400 ,43100 ,,
94,제주특별자치도 서귀포시 호근동 2092-2,임,1984 ,131400 ,43100 ,,
95,제주특별자치도 서귀포시 호근동 2092-3,임,826 ,131400 ,43100 ,,
96,제주특별자치도 서귀포시 호근동 2092-4,임,1190 ,131400 ,43100 ,,
97,제주특별자치도 서귀포시 호근동 2092-5,도,1190 ,155800 ,50800 ,,
98,제주특별자치도 서귀포시 호근동 2092-6,임,662 ,131400 ,43100 ,,
99,제주특별자치도 서귀포시 호근동 2092-7,임,1200 ,131400 ,43100 ,,
100,제주특별자치도 서귀포시 호근동 2092-8,임,827 ,131400 ,43100 ,,
101,제주특별자치도 서귀포시 호근동 2092-9,임,528 ,131400 ,43100 ,,
102,제주특별자치도 서귀포시 호근동 2094-3,임,76 ,65700 ,19800 ,,
103,제주특별자치도 서귀포시 호근동 2094-4,임,377 ,131400 ,43100 ,,
104,제주특별자치도 서귀포시 동홍동 396-1,전,2537 ,176600 ,185400 ,,
105,제주특별자치도 서귀포시 동홍동 396-8,전,256 ,194800 ,204600 ,,
106,제주특별자치도 서귀포시 동홍동 507-4,대,223 ,448600 ,427500 ,,
107,제주특별자치도 서귀포시 동홍동 541-1,전,1476 ,160000 ,156500 ,,
108,제주특별자치도 서귀포시 동홍동 717,과,9825 ,48600 ,93000 ,,
109,제주특별자치도 서귀포시 서홍동 119,대,1749 ,165700 ,162400 ,,
110,제주특별자치도 서귀포시 서홍동 252-4,대,182 ,570800 ,410000 ,,
111,제주특별자치도 서귀포시 서홍동 340-5,대,759 ,380300 ,356300 ,,
112,제주특별자치도 서귀포시 서홍동 357-31,대,141 ,533600 ,460500 ,,
113,제주특별자치도 서귀포시 서홍동 504-4,과,2919 ,93700 ,95700 ,,
114,제주특별자치도 서귀포시 서홍동 504-7,과,93 ,50800 ,53800 ,,
115,제주특별자치도 서귀포시 서홍동 743-3,과,582 ,149400 ,148000 ,,
116,제주특별자치도 서귀포시 서홍동 743-10,전,1850 ,166000 ,156000 ,,
117,제주특별자치도 서귀포시 서홍동 744-63,과,200 ,243500 ,84000 ,,
118,제주특별자치도 서귀포시 서홍동 800-6,과,321 ,29200 ,15800 ,,
119,제주특별자치도 서귀포시 서홍동 802-1,전,2853 ,32300 ,39000 ,,
120,제주특별자치도 서귀포시 서홍동 802-3,대,198 ,42400 ,51000 ,,
121,제주특별자치도 서귀포시 서홍동 805-1,전,165 ,49700 ,60000 ,,
122,제주특별자치도 서귀포시 서홍동 807-3,과,340 ,34500 ,15800 ,,
123,제주특별자치도 서귀포시 서홍동 861-1,과,4195 ,39900 ,51000 ,,
124,제주특별자치도 서귀포시 서홍동 865-2,전,2886 ,34900 ,60000 ,,
125,제주특별자치도 서귀포시 서홍동 865-3,대,228 ,40100 ,64000 ,,
126,제주특별자치도 서귀포시 서홍동 866-7,과,1213 ,49700 ,60000 ,,
127,제주특별자치도 서귀포시 서홍동 869-1,과,3785 ,49700 ,600000 ,,
128,제주특별자치도 서귀포시 서홍동 869-5,과,1392 ,34900 ,55000 ,,
129,제주특별자치도 서귀포시 서홍동 869-6,과,598 ,49700 ,60000 ,,
130,제주특별자치도 서귀포시 서홍동 921,답,704 ,42800 ,55000 ,,
131,제주특별자치도 서귀포시 서홍동 921-2,답,704 ,42800 ,55000 ,,
132,제주특별자치도 서귀포시 서홍동 928,답,1971 ,46300 ,60000 ,,
133,제주특별자치도 서귀포시 서홍동 936,답,526 ,42800 ,55000 ,,
134,제주특별자치도 서귀포시 서홍동 966,임,2202 ,34600 ,42000 ,,
135,제주특별자치도 서귀포시 서홍동 968-2,과,5977 ,20900 ,34000 ,,
136,제주특별자치도 서귀포시 서홍동 993-1,답,850 ,26600 ,32000 ,,
137,제주특별자치도 서귀포시 서홍동 1000,답,466 ,26600 ,32000 ,,
138,제주특별자치도 서귀포시 서홍동 1010-2,답,2182 ,26600 ,32000 ,,
139,제주특별자치도 서귀포시 서홍동 1012,답,932 ,26600 ,32000 ,,
140,제주특별자치도 서귀포시 서홍동 1018,답,1101 ,26600 ,32000 ,,
141,제주특별자치도 서귀포시 서홍동 1048,답,1726 ,26600 ,32000 ,,
142,제주특별자치도 서귀포시 서홍동 1050,답,602 ,26600 ,32000 ,,
143,제주특별자치도 서귀포시 서홍동 1059,답,119 ,26600 ,32000 ,,
144,제주특별자치도 서귀포시 서홍동 1060,답,737 ,26600 ,32000 ,,
145,제주특별자치도 서귀포시 서홍동 1061,답,569 ,26600 ,32000 ,,
146,제주특별자치도 서귀포시 서홍동 1062,답,152 ,26600 ,32000 ,,
147,제주특별자치도 서귀포시 서홍동 1065,답,106 ,26600 ,32000 ,,
148,제주특별자치도 서귀포시 서홍동 1067,과,6995 ,72100 ,34300 ,,
149,제주특별자치도 서귀포시 서홍동 1073,답,790 ,26600 ,32000 ,,
150,제주특별자치도 서귀포시 서홍동 1080,전,5831 ,22400 ,27000 ,,
151,제주특별자치도 서귀포시 서홍동 1081,전,2271 ,33200 ,40000 ,,
152,제주특별자치도 서귀포시 서홍동 1114,과,3485 ,42300 ,53000 ,,
153,제주특별자치도 서귀포시 서홍동 1114-2,답,50 ,42300 ,53000 ,,
154,제주특별자치도 서귀포시 서홍동 1120-1,전,2258 ,20800 ,25000 ,,
155,제주특별자치도 서귀포시 서홍동 1214,전,1617 ,46900 ,49400 ,,
156,제주특별자치도 서귀포시 서홍동 1371,임,2063 ,22200 ,27000 ,,
157,제주특별자치도 서귀포시 상효동 산 121-1,임,12663 ,19700 ,14400 ,,
158,제주특별자치도 서귀포시 상효동 산 121-2,임,63 ,8360 ,6100 ,,
159,제주특별자치도 서귀포시 상효동 산 121-4,임,4804 ,10700 ,7860 ,,
160,제주특별자치도 서귀포시 하효동 3,대,419 ,171500 ,166200 ,,
161,제주특별자치도 서귀포시 하효동 339-3,대,469 ,180900 ,179300 ,,
162,제주특별자치도 서귀포시 하효동 539,전,2141 ,149200 ,141200 ,,
163,제주특별자치도 서귀포시 신효동 489,대,711 ,142400 ,117600 ,,
164,제주특별자치도 서귀포시 신효동 489-1,대,720 ,158700 ,105800 ,,
165,제주특별자치도 서귀포시 신효동 682-2,대,856 ,159100 ,147400 ,,
166,제주특별자치도 서귀포시 보목동 1231-6,전,1260 ,89000 ,86400 ,,
167,제주특별자치도 서귀포시 보목동 1289,과,2771 ,104000 ,100900 ,,
168,제주특별자치도 서귀포시 보목동 1289-5,과,660 ,107100 ,103900 ,,
169,제주특별자치도 서귀포시 보목동 1377,임,1137 ,55600 ,52800 ,,
170,제주특별자치도 서귀포시 보목동 1532-1,과,2688 ,54600 ,51800 ,,
171,제주특별자치도 서귀포시 보목동 1532-2,과,4734 ,54600 ,51800 ,,
172,제주특별자치도 서귀포시 토평동 935-2,대,121 ,159200 ,143500 ,,
173,제주특별자치도 서귀포시 토평동 1009,과,3098 ,48500 ,46000 ,,
174,제주특별자치도 서귀포시 토평동 1163,과,13639 ,98800 ,95000 ,,
175,제주특별자치도 서귀포시 토평동 1253,과,4527 ,102700 ,99600 ,,
176,제주특별자치도 서귀포시 토평동 1353-1,대,338 ,172200 ,140000 ,,
177,제주특별자치도 서귀포시 토평동 1356,과,1706 ,126500 ,112000 ,,
178,제주특별자치도 서귀포시 토평동 1563,과,4413 ,100800 ,93600 ,,
179,제주특별자치도 서귀포시 토평동 1995-1,과,5171 ,33100 ,31600 ,,
180,제주특별자치도 서귀포시 토평동 2002-1,임,998 ,30400 ,29000 ,,
181,제주특별자치도 서귀포시 토평동 2002-2,전,2241 ,33100 ,31600 ,,
182,제주특별자치도 서귀포시 토평동 2173,과,2304 ,75000 ,60000 ,,
183,제주특별자치도 서귀포시 토평동 2233-3,전,2603 ,298100 ,253800 ,,
184,제주특별자치도 서귀포시 중문동 2208-4,과,1418 ,97200 ,93200 ,,
185,제주특별자치도 서귀포시 대포동 213,과,1668 ,39500 ,38600 ,,
186,제주특별자치도 서귀포시 대포동 213-1,과,3792 ,39500 ,38600 ,,
187,제주특별자치도 서귀포시 대포동 213-2,과,3052 ,39500 ,38600 ,,
188,제주특별자치도 서귀포시 대포동 230,과,2678 ,39500 ,38600 ,,
189,제주특별자치도 서귀포시 대포동 1497-3,대,324 ,170900 ,157100 ,,
190,제주특별자치도 서귀포시 대포동 1898-2,대,336 ,151200 ,134000 ,,
191,제주특별자치도 서귀포시 월평동 568-3,전,2916 ,56400 ,47900 ,,
192,제주특별자치도 서귀포시 강정동 1261-1,잡,451 ,440800 ,404600 ,,
193,제주특별자치도 서귀포시 강정동 1261-4,대,717 ,440800 ,404600 ,,
194,제주특별자치도 서귀포시 강정동 1262-4,전,71 ,355200 ,294000 ,,
195,제주특별자치도 서귀포시 강정동 1263,묘,75 ,462800 ,360000 ,,
196,제주특별자치도 서귀포시 강정동 1264-1,대,1940 ,462800 ,424800 ,,
197,제주특별자치도 서귀포시 강정동 1836,전,3296 ,30000 ,29100 ,,
198,제주특별자치도 서귀포시 강정동 1837,전,1785 ,30000 ,29100 ,,
199,제주특별자치도 서귀포시 강정동 1843-1,임,364 ,36600 ,39200 ,,
200,제주특별자치도 서귀포시 강정동 1847,임,4222 ,23900 ,25900 ,,
201,제주특별자치도 서귀포시 강정동 1848,임,8539 ,49500 ,54300 ,,
202,제주특별자치도 서귀포시 강정동 1849,임,9372 ,48300 ,53600 ,,
203,제주특별자치도 서귀포시 강정동 1851,임,3580 ,48600 ,54000 ,,
204,제주특별자치도 서귀포시 강정동 3200-1,과,6488 ,75400 ,61000 ,,
205,제주특별자치도 서귀포시 강정동 3436,과,4140 ,117000 ,80000 ,,
206,제주특별자치도 서귀포시 강정동 3455-1,과,2132 ,50000 ,44400 ,,
207,제주특별자치도 서귀포시 강정동 4373-1,전,1094 ,178000 ,168500 ,,
208,제주특별자치도 서귀포시 강정동 5018,답,1578 ,150000 ,140000 ,,
209,제주특별자치도 서귀포시 강정동 5630-3,과,516 ,120900 ,41500 ,,
210,제주특별자치도 서귀포시 도순동 97,전,1627 ,33400 ,14300 ,,
211,제주특별자치도 서귀포시 도순동 1303,대,5924 ,85600 ,36000 ,,
212,제주특별자치도 서귀포시 하원동 8-2,목,1828 ,25700 ,25200 ,,
213,제주특별자치도 서귀포시 하원동 22,임,8429 ,24400 ,19700 ,,
214,제주특별자치도 서귀포시 하원동 56-1,임,14783 ,23900 ,11700 ,,
215,제주특별자치도 서귀포시 하원동 160,과,3698 ,64000 ,60800 ,,
216,제주특별자치도 서귀포시 하원동 341-2,전,40 ,41000 ,39900 ,,
217,제주특별자치도 서귀포시 하원동 520-1,대,959 ,114600 ,105700 ,,
218,제주특별자치도 서귀포시 하원동 520-2,대,701 ,122200 ,112800 ,,
220,제주특별자치도 서귀포시 하원동 953,임,2241 ,10600 ,7140 ,,
221,제주특별자치도 서귀포시 하원동 954,임,2162 ,10600 ,7140 ,,
222,제주특별자치도 서귀포시 하원동 산 93-3,임,24625 ,9010 ,5800 ,,
223,제주특별자치도 서귀포시 색달동 2211,전,322 ,155200 ,145600 ,,
224,제주특별자치도 서귀포시 상예동 602-1,전,1188 ,130100 ,89300 ,,
225,제주특별자치도 서귀포시 상예동 1601-1,과,3252 ,48000 ,39600 ,,
226,제주특별자치도 서귀포시 상예동 4627-1,과,3856 ,184900 ,154800 ,,
227,제주특별자치도 서귀포시 상예동 4744-9,전,965 ,102200 ,42900 ,,
228,제주특별자치도 서귀포시 대정읍 상모리 1906-1,전,2228 ,41000 ,29000 ,,
229,제주특별자치도 서귀포시 대정읍 상모리 3979-4,대,109 ,337000 ,334900 ,,
230,제주특별자치도 서귀포시 대정읍 하모리 824-3,대,455 ,350000 ,187200 ,,
231,제주특별자치도 서귀포시 대정읍 하모리 824-4,대,645 ,350000 ,187200 ,,
232,제주특별자치도 서귀포시 대정읍 하모리 824-15,대,127 ,350000 ,187200 ,,
233,제주특별자치도 서귀포시 대정읍 하모리 898-1,대,284 ,180000 ,162100 ,,
234,제주특별자치도 서귀포시 대정읍 하모리 1135-4,대,8 ,150000 ,153000 ,,
235,제주특별자치도 서귀포시 대정읍 하모리 1135-5,대,21 ,150000 ,153000 ,,
236,제주특별자치도 서귀포시 대정읍 하모리 1394-13,전,275 ,140000 ,46200 ,,
237,제주특별자치도 서귀포시 대정읍 안성리 628-2,임,102 ,32000 ,13700 ,,
238,제주특별자치도 서귀포시 대정읍 일과리 1657,대,912 ,68000 ,59400 ,,
239,제주특별자치도 서귀포시 대정읍 신평리 974-2,전,362 ,33500 ,8250 ,,
240,제주특별자치도 서귀포시 대정읍 신평리 976,전,2808 ,33500 ,33500 ,,
241,제주특별자치도 서귀포시 대정읍 신평리 977,전,6423 ,20000 ,15900 ,,
242,제주특별자치도 서귀포시 대정읍 신평리 980,임,3871 ,20000 ,15400 ,,
243,제주특별자치도 서귀포시 대정읍 신평리 981,임,1253 ,20000 ,14600 ,,
244,제주특별자치도 서귀포시 대정읍 신평리 989,임,942 ,20000 ,9580 ,,
245,제주특별자치도 서귀포시 대정읍 신평리 1378,전,4306 ,33500 ,30400 ,,
246,제주특별자치도 서귀포시 대정읍 신평리 1379,전,764 ,33500 ,30400 ,,
247,제주특별자치도 서귀포시 대정읍 동일리 3099-2,전,3061 ,26500 ,54600 ,,
248,제주특별자치도 서귀포시 대정읍 보성리 1518,전,2615 ,17500 ,22900 ,,
249,제주특별자치도 서귀포시 대정읍 보성리 1743,과,1841 ,112000 ,44500 ,,
250,제주특별자치도 서귀포시 대정읍 보성리 1894,임,4277 ,31000 ,26600 ,,
251,제주특별자치도 서귀포시 대정읍 보성리 1951-9,임,984 ,9000 ,5850 ,,
252,제주특별자치도 서귀포시 대정읍 무릉리 1214-2,전,6387 ,25000 ,23000 ,,
253,제주특별자치도 서귀포시 대정읍 무릉리 1314,전,5008 ,20000 ,18300 ,,
254,제주특별자치도 서귀포시 대정읍 무릉리 1420,전,4401 ,27000 ,23300 ,,
255,제주특별자치도 서귀포시 대정읍 영락리 64-3,전,5079 ,27000 ,24800 ,,
256,제주특별자치도 서귀포시 대정읍 신도리 498-1,전,1213 ,14000 ,16000 ,,
257,제주특별자치도 서귀포시 대정읍 신도리 652-2,임,43 ,37000 ,19800 ,,
258,제주특별자치도 서귀포시 대정읍 신도리 1049-2,전,3167 ,25000 ,15100 ,,
259,제주특별자치도 서귀포시 대정읍 신도리 1182,전,4664 ,25000 ,21600 ,,
260,제주특별자치도 서귀포시 대정읍 신도리 1278-5,전,152 ,22500 ,18500 ,,
261,제주특별자치도 서귀포시 대정읍 신도리 3068,대,457 ,98000 ,66300 ,,
262,제주특별자치도 서귀포시 남원읍 남원리 94-6,대,122 ,210000 ,219800 ,,
263,제주특별자치도 서귀포시 남원읍 남원리 113-1,대,1466 ,750000 ,765000 ,,
264,제주특별자치도 서귀포시 남원읍 남원리 192,과,2023 ,145000 ,100600 ,,
265,제주특별자치도 서귀포시 남원읍 남원리 203-5,과,496 ,240000 ,287700 ,,
266,제주특별자치도 서귀포시 남원읍 남원리 216-9,대,974 ,245000 ,378700 ,,
267,제주특별자치도 서귀포시 남원읍 남원리 216-21,대,828 ,245000 ,235200 ,,
268,제주특별자치도 서귀포시 남원읍 남원리 742,과,7553 ,28000 ,23800 ,,
269,제주특별자치도 서귀포시 남원읍 남원리 746,과,4979 ,28000 ,23800 ,,
270,제주특별자치도 서귀포시 남원읍 남원리 747,과,17336 ,28000 ,23800 ,,
271,제주특별자치도 서귀포시 남원읍 남원리 774,과,14156 ,58000 ,48900 ,,
272,제주특별자치도 서귀포시 남원읍 남원리 1171-1,과,1894 ,38000 ,34500 ,,
273,제주특별자치도 서귀포시 남원읍 남원리 1383-1,대,15740 ,315000 ,224400 ,,
274,제주특별자치도 서귀포시 남원읍 남원리 1945,임,348 ,32000 ,21600 ,,
275,제주특별자치도 서귀포시 남원읍 남원리 1978-1,임,2763 ,32000 ,17100 ,,
276,제주특별자치도 서귀포시 남원읍 남원리 1978-3,임,97 ,32000 ,17300 ,,
277,제주특별자치도 서귀포시 남원읍 남원리 1980,과,4753 ,32000 ,29400 ,,
278,제주특별자치도 서귀포시 남원읍 태흥리 585,대,668 ,117000 ,122100 ,,
279,제주특별자치도 서귀포시 남원읍 태흥리 585-1,전,1509 ,137000 ,103000 ,,
280,제주특별자치도 서귀포시 남원읍 태흥리 1302-1,과,1333 ,62000 ,86800 ,,
281,제주특별자치도 서귀포시 남원읍 태흥리 1895-3,대,988 ,100000 ,118300 ,,
282,제주특별자치도 서귀포시 남원읍 한남리 37-2,과,6820 ,35000 ,29200 ,,
283,제주특별자치도 서귀포시 남원읍 한남리 315,전,14889 ,35000 ,28700 ,,
284,제주특별자치도 서귀포시 남원읍 한남리 320,전,1468 ,35000 ,26500 ,,
285,제주특별자치도 서귀포시 남원읍 한남리 580,과,2400 ,23000 ,22700 ,,
286,제주특별자치도 서귀포시 남원읍 한남리 1275,전,3366 ,12000 ,9550 ,,
287,제주특별자치도 서귀포시 남원읍 한남리 1276-1,전,1652 ,30000 ,13400 ,,
288,제주특별자치도 서귀포시 남원읍 한남리 1277,전,1855 ,30000 ,12800 ,,
289,제주특별자치도 서귀포시 남원읍 한남리 1612,임,1742 ,6400 ,6450 ,,
290,제주특별자치도 서귀포시 남원읍 의귀리 1111-1,과,321 ,20000 ,19600 ,,
291,제주특별자치도 서귀포시 남원읍 의귀리 1120,과,2291 ,20000 ,17800 ,,
292,제주특별자치도 서귀포시 남원읍 의귀리 1775-5,과,32637 ,28000 ,24900 ,,
293,제주특별자치도 서귀포시 남원읍 의귀리 1915,과,2307 ,83000 ,70100 ,,
294,제주특별자치도 서귀포시 남원읍 신흥리 555-11,과,113 ,27000 ,20800 ,,
295,제주특별자치도 서귀포시 남원읍 신흥리 556,과,400 ,51000 ,51000 ,,
296,제주특별자치도 서귀포시 남원읍 신흥리 2163-10,임,191 ,16000 ,18600 ,,
297,제주특별자치도 서귀포시 남원읍 위미리 1542-2,대,360 ,180000 ,154800 ,,
298,제주특별자치도 서귀포시 남원읍 위미리 1641-5,장,688 ,232000 ,220600 ,,
299,제주특별자치도 서귀포시 남원읍 위미리 1715-1,대,1009 ,140000 ,119500 ,,
300,제주특별자치도 서귀포시 남원읍 위미리 2801-2,대,414 ,197000 ,222800 ,,
301,제주특별자치도 서귀포시 남원읍 위미리 3199-2,대,506 ,189000 ,173600 ,,
302,제주특별자치도 서귀포시 남원읍 위미리 4319-2,과,3322 ,34000 ,28400 ,,
303,제주특별자치도 서귀포시 남원읍 위미리 4319-4,과,2115 ,34000 ,28400 ,,
304,제주특별자치도 서귀포시 남원읍 하례리 596,전,492 ,79000 ,68000 ,,
305,제주특별자치도 서귀포시 남원읍 하례리 1235-2,임,824 ,19000 ,16500 ,,
306,제주특별자치도 서귀포시 남원읍 하례리 1235-3,임,60 ,19000 ,16000 ,,
307,제주특별자치도 서귀포시 남원읍 하례리 1235-4,임,202 ,19000 ,11500 ,,
308,제주특별자치도 서귀포시 남원읍 하례리 1236,임,833 ,19000 ,18800 ,,
309,제주특별자치도 서귀포시 남원읍 하례리 1494-4,과,495 ,61000 ,47500 ,,
310,제주특별자치도 서귀포시 남원읍 하례리 1506-1,과,2110 ,34000 ,31200 ,,
311,제주특별자치도 서귀포시 남원읍 하례리 1515-2,과,2816 ,34000 ,30900 ,,
312,제주특별자치도 서귀포시 남원읍 하례리 1515-4,과,166 ,34000 ,28500 ,,
313,제주특별자치도 서귀포시 남원읍 신례리 1617-5,대,387 ,114000 ,97400 ,,
314,제주특별자치도 서귀포시 남원읍 신례리 1697,임,11739 ,7000 ,3620 ,,
315,제주특별자치도 서귀포시 남원읍 신례리 1908,과,9121 ,7000 ,10100 ,,
316,제주특별자치도 서귀포시 남원읍 신례리 1909,과,4139 ,7000 ,10100 ,,
317,제주특별자치도 서귀포시 남원읍 신례리 1920,전,9914 ,26000 ,21600 ,,
318,제주특별자치도 서귀포시 남원읍 신례리 1931,과,6813 ,26000 ,22100 ,,
319,제주특별자치도 서귀포시 남원읍 신례리 1964,임,8787 ,7000 ,6480 ,,
320,제주특별자치도 서귀포시 남원읍 신례리 1966,과,4456 ,7000 ,7860 ,,
321,제주특별자치도 서귀포시 남원읍 신례리 2102,목,4730 ,7000 ,6710 ,,
322,제주특별자치도 서귀포시 남원읍 신례리 2111,목,12367 ,7000 ,6770 ,,
323,제주특별자치도 서귀포시 남원읍 신례리 2113,목,3950 ,7000 ,6510 ,,
324,제주특별자치도 서귀포시 남원읍 신례리 2121,목,3831 ,7800 ,7810 ,,
325,제주특별자치도 서귀포시 남원읍 신례리 2132,목,3765 ,7800 ,7810 ,,
326,제주특별자치도 서귀포시 남원읍 신례리 2133,목,2641 ,7800 ,7970 ,,
327,제주특별자치도 서귀포시 남원읍 신례리 2135,목,3788 ,7800 ,7810 ,,
328,제주특별자치도 서귀포시 남원읍 신례리 2136,목,9600 ,7800 ,7810 ,,
329,제주특별자치도 서귀포시 남원읍 신례리 2137,임,4327 ,7000 ,6890 ,,
330,제주특별자치도 서귀포시 남원읍 신례리 2138,임,2231 ,7000 ,5390 ,,
331,제주특별자치도 서귀포시 성산읍 성산리 114,대,5499 ,175000 ,350700 ,,
332,제주특별자치도 서귀포시 성산읍 성산리 196-19,대,315 ,1370000 ,1301000 ,,
333,제주특별자치도 서귀포시 성산읍 성산리 219-2,대,249 ,625000 ,637500 ,,
334,제주특별자치도 서귀포시 성산읍 성산리 230-22,전,136 ,600000 ,594600 ,,
335,제주특별자치도 서귀포시 성산읍 성산리 285-1,대,400 ,625000 ,631200 ,,
336,제주특별자치도 서귀포시 성산읍 오조리 17,전,2084 ,91000 ,76800 ,,
337,제주특별자치도 서귀포시 성산읍 오조리 327,전,3185 ,91000 ,80900 ,,
338,제주특별자치도 서귀포시 성산읍 오조리 331,전,2144 ,91000 ,80900 ,,
339,제주특별자치도 서귀포시 성산읍 오조리 705-1,대,474 ,120000 ,114800 ,,
340,제주특별자치도 서귀포시 성산읍 시흥리 3-2,임,293 ,196000 ,64500 ,,
341,제주특별자치도 서귀포시 성산읍 시흥리 1143,대,972 ,109000 ,97000 ,,
342,제주특별자치도 서귀포시 성산읍 시흥리 1589-1,전,1497 ,47000 ,44600 ,,
343,제주특별자치도 서귀포시 성산읍 시흥리 2047-5,임,3636 ,19000 ,17600 ,,
344,제주특별자치도 서귀포시 성산읍 고성리 122,임,1997 ,68000 ,88200 ,,
345,제주특별자치도 서귀포시 성산읍 고성리 123,임,2092 ,68000 ,88200 ,,
346,제주특별자치도 서귀포시 성산읍 고성리 190-1,전,849 ,228000 ,203300 ,,
347,제주특별자치도 서귀포시 성산읍 고성리 570,대,499 ,320000 ,310400 ,,
348,제주특별자치도 서귀포시 성산읍 고성리 908-2,전,1496 ,15000 ,100600 ,,
349,제주특별자치도 서귀포시 성산읍 고성리 1116-5,대,246 ,805000 ,702700 ,,
350,제주특별자치도 서귀포시 성산읍 고성리 1180-36,전,68 ,479000 ,220200 ,,
351,제주특별자치도 서귀포시 성산읍 고성리 1562-1,전,2807 ,19000 ,62800 ,,
352,제주특별자치도 서귀포시 성산읍 고성리 1562-2,전,208 ,19000 ,34700 ,,
353,제주특별자치도 서귀포시 성산읍 고성리 1562-3,전,2433 ,19000 ,41600 ,,
354,제주특별자치도 서귀포시 성산읍 고성리 1562-4,전,119 ,75000 ,82200 ,,
355,제주특별자치도 서귀포시 성산읍 고성리 2094-1,전,922 ,149000 ,115400 ,,
356,제주특별자치도 서귀포시 성산읍 수산리 272-2,과,8378 ,140000 ,106400 ,,
357,제주특별자치도 서귀포시 성산읍 수산리 579-14,대,490 ,79000 ,65400 ,,
358,제주특별자치도 서귀포시 성산읍 수산리 2149,전,2248 ,12500 ,9540 ,,
359,제주특별자치도 서귀포시 성산읍 수산리 3273-10,목,5425 ,15500 ,7920 ,,
360,제주특별자치도 서귀포시 성산읍 수산리 3280,임,1233 ,15500 ,7070 ,,
361,제주특별자치도 서귀포시 성산읍 수산리 3281,임,17220 ,15500 ,6860 ,,
362,제주특별자치도 서귀포시 성산읍 수산리 3282,임,1137 ,15500 ,7070 ,,
363,제주특별자치도 서귀포시 성산읍 수산리 4582,임,13213 ,12500 ,10200 ,,
364,제주특별자치도 서귀포시 성산읍 온평리 634-1,전,846 ,20000 ,17800 ,,
364,제주특별자치도 서귀포시 성산읍 온평리 634-1,전,846 ,20000 ,17800 ,,
365,제주특별자치도 서귀포시 성산읍 온평리 755-1,대,1888 ,135000 ,121500 ,,
366,제주특별자치도 서귀포시 성산읍 온평리 756,대,545 ,136000 ,103200 ,,
367,제주특별자치도 서귀포시 성산읍 온평리 2154-3,임,8181 ,8900 ,9080 ,,
368,제주특별자치도 서귀포시 성산읍 온평리 2351,임,4532 ,26000 ,21500 ,,
369,제주특별자치도 서귀포시 성산읍 온평리 2415,과,3863 ,13500 ,21900 ,,
370,제주특별자치도 서귀포시 성산읍 온평리 2441,임,6919 ,8200 ,13700 ,,
371,제주특별자치도 서귀포시 성산읍 온평리 2493,임,13671 ,8900 ,10000 ,,
372,제주특별자치도 서귀포시 성산읍 온평리 2503,과,3678 ,38000 ,31000 ,,
373,제주특별자치도 서귀포시 성산읍 온평리 2504-1,과,9273 ,38000 ,31000 ,,
374,제주특별자치도 서귀포시 성산읍 온평리 2586-11,대,822 ,98000 ,98000 ,,
375,제주특별자치도 서귀포시 성산읍 온평리 2586-12,대,1323 ,98000 ,98000 ,,
376,제주특별자치도 서귀포시 성산읍 온평리 2691,임,892 ,14500 ,23400 ,,
377,제주특별자치도 서귀포시 성산읍 온평리 2691-6,임,949 ,14500 ,21000 ,,
378,제주특별자치도 서귀포시 성산읍 온평리 2813-2,임,992 ,8900 ,14200 ,,
379,제주특별자치도 서귀포시 성산읍 온평리 2813-3,임,1652 ,8900 ,14200 ,,
380,제주특별자치도 서귀포시 성산읍 온평리 2813-4,임,1479 ,8900 ,16600 ,,
381,제주특별자치도 서귀포시 성산읍 신산리 1061,과,7988 ,35000 ,29800 ,,
382,제주특별자치도 서귀포시 성산읍 신산리 1066-1,과,1457 ,35000 ,29800 ,,
383,제주특별자치도 서귀포시 성산읍 신산리 1095,전,1473 ,28000 ,31700 ,,
384,제주특별자치도 서귀포시 성산읍 신산리 1095-1,전,97 ,28000 ,31700 ,,
385,제주특별자치도 서귀포시 성산읍 신산리 1215,임,9256 ,12500 ,7420 ,,
386,제주특별자치도 서귀포시 성산읍 신산리 1255-2,임,1355 ,18000 ,11200 ,,
387,제주특별자치도 서귀포시 성산읍 신산리 1290-1,전,1772 ,35000 ,35300 ,,
388,제주특별자치도 서귀포시 성산읍 신산리 1309-1,과,1764 ,35000 ,29800 ,,
389,제주특별자치도 서귀포시 성산읍 신산리 1309-2,전,1663 ,35000 ,29800 ,,
390,제주특별자치도 서귀포시 성산읍 신산리 1495-2,전,165 ,58000 ,37400 ,,
391,제주특별자치도 서귀포시 성산읍 신산리 1540-2,임,2883 ,35000 ,32200 ,,
392,제주특별자치도 서귀포시 성산읍 삼달리 63-5,대,854 ,115000 ,111500 ,,
393,제주특별자치도 서귀포시 성산읍 삼달리 64,대,549 ,115000 ,104600 ,,
394,제주특별자치도 서귀포시 성산읍 삼달리 68-8,대,156 ,115000 ,110900 ,,
395,제주특별자치도 서귀포시 성산읍 삼달리 171,전,846 ,11000 ,10800 ,,
396,제주특별자치도 서귀포시 성산읍 삼달리 1172,과,2489 ,57000 ,51800 ,,
397,제주특별자치도 서귀포시 성산읍 신천리 507-1,전,4023 ,98000 ,83700 ,,
398,제주특별자치도 서귀포시 성산읍 신천리 907,전,2037 ,46000 ,35700 ,,
399,제주특별자치도 서귀포시 성산읍 신천리 963,과,654 ,93000 ,12700 ,,
400,제주특별자치도 서귀포시 성산읍 난산리 1526,전,3352 ,12500 ,11100 ,,
401,제주특별자치도 서귀포시 성산읍 난산리 2242-1,임,927 ,6800 ,7420 ,,
402,제주특별자치도 서귀포시 성산읍 난산리 2686,임,16537 ,43000 ,39700 ,,
403,제주특별자치도 서귀포시 안덕면 화순리 1073-7,대,323 ,275000 ,189200 ,,
404,제주특별자치도 서귀포시 안덕면 감산리 1287,답,714 ,25000 ,20300 ,,
405,제주특별자치도 서귀포시 안덕면 상창리 1875-1,대,990 ,160000 ,161700 ,,
406,제주특별자치도 서귀포시 안덕면 상창리 1891,장,6179 ,48000 ,95800 ,,
407,제주특별자치도 서귀포시 안덕면 상창리 2257,임,618 ,34000 ,14000 ,,
408,제주특별자치도 서귀포시 안덕면 사계리 879-2,전,1815 ,112000 ,111100 ,,
409,제주특별자치도 서귀포시 안덕면 사계리 1952,답,145 ,25000 ,25000 ,,
410,제주특별자치도 서귀포시 안덕면 사계리 2489,전,274 ,113000 ,74600 ,,
411,제주특별자치도 서귀포시 안덕면 사계리 3646,임,6592 ,3750 ,5660 ,,
412,제주특별자치도 서귀포시 안덕면 덕수리 580-2,과,1940 ,24500 ,19800 ,,
413,제주특별자치도 서귀포시 안덕면 덕수리 644,과,1368 ,11500 ,17800 ,,
414,제주특별자치도 서귀포시 안덕면 덕수리 702,전,2294 ,24500 ,24500 ,,
415,제주특별자치도 서귀포시 안덕면 덕수리 705-1,대,469 ,95000 ,81900 ,,
416,제주특별자치도 서귀포시 안덕면 덕수리 720,과,2886 ,24500 ,24500 ,,
417,제주특별자치도 서귀포시 안덕면 덕수리 725,전,2866 ,24500 ,24500 ,,
418,제주특별자치도 서귀포시 안덕면 덕수리 2782-3,전,182 ,35000 ,26600 ,,
419,제주특별자치도 서귀포시 안덕면 동광리 802,임,4331 ,24500 ,14600 ,,
420,제주특별자치도 서귀포시 안덕면 동광리 813,임,2195 ,24500 ,14600 ,,
421,제주특별자치도 서귀포시 안덕면 동광리 815,임,3158 ,24500 ,14600 ,,
422,제주특별자치도 서귀포시 안덕면 동광리 905,임,3312 ,33000 ,19000 ,,
423,제주특별자치도 서귀포시 안덕면 동광리 967,대,998 ,90000 ,84300 ,,
424,제주특별자치도 서귀포시 안덕면 광평리 232,전,1801 ,30000 ,24000 ,,
425,제주특별자치도 서귀포시 안덕면 광평리 233,전,816 ,30000 ,24000 ,,
426,제주특별자치도 서귀포시 안덕면 광평리 234,전,912 ,30000 ,24000 ,,
427,제주특별자치도 서귀포시 안덕면 광평리 298-3,대,13600 ,25000 ,89000 ,,
428,제주특별자치도 서귀포시 안덕면 광평리 산 55-1,임,9719 ,25000 ,12500 ,,
429,제주특별자치도 서귀포시 안덕면 상천리 376,임,417 ,68000 ,57800 ,,
430,제주특별자치도 서귀포시 안덕면 상천리 390-2,목,1233 ,68000 ,57800 ,,
431,제주특별자치도 서귀포시 안덕면 상천리 394,목,3491 ,68000 ,49600 ,,
432,제주특별자치도 서귀포시 안덕면 상천리 394-1,목,4317 ,68000 ,57800 ,,
433,제주특별자치도 서귀포시 안덕면 상천리 395,임,261 ,68000 ,49600 ,,
434,제주특별자치도 서귀포시 안덕면 상천리 411,임,1529 ,68000 ,60500 ,,
435,제주특별자치도 서귀포시 안덕면 상천리 411-1,임,7199 ,68000 ,60500 ,,
436,제주특별자치도 서귀포시 안덕면 상천리 412-1,임,142 ,68000 ,57800 ,,
437,제주특별자치도 서귀포시 안덕면 상천리 499-2,임,260 ,28500 ,15400 ,,
438,제주특별자치도 서귀포시 안덕면 상천리 503,임,11521 ,36000 ,17100 ,,
439,제주특별자치도 서귀포시 안덕면 상천리 545-6,목,411 ,28000 ,10600 ,,
440,제주특별자치도 서귀포시 안덕면 상천리 547,임,4807 ,36000 ,19400 ,,
441,제주특별자치도 서귀포시 안덕면 상천리 602-8,목,4025 ,18000 ,15900 ,,
442,제주특별자치도 서귀포시 안덕면 상천리 814-3,대,493 ,265000 ,241100 ,,
443,제주특별자치도 서귀포시 안덕면 상천리 815-1,대,202 ,265000 ,253300 ,,
444,제주특별자치도 서귀포시 안덕면 상천리 815-4,대,191 ,265000 ,255900 ,,
445,제주특별자치도 서귀포시 표선면 표선리 1215-1,임,3306 ,48500 ,31400 ,,
446,제주특별자치도 서귀포시 표선면 표선리 1425,과,7384 ,35000 ,31100 ,,
447,제주특별자치도 서귀포시 표선면 표선리 1425-2,과,580 ,35000 ,31100 ,,
448,제주특별자치도 서귀포시 표선면 하천리 48-2,대,701 ,113000 ,99600 ,,
449,제주특별자치도 서귀포시 표선면 하천리 1570,전,5643 ,12000 ,12700 ,,
450,제주특별자치도 서귀포시 표선면 성읍리 613-4,전,1077 ,52500 ,50000 ,,
451,제주특별자치도 서귀포시 표선면 성읍리 614-1,대,918 ,180000 ,117700 ,,
452,제주특별자치도 서귀포시 표선면 성읍리 614-3,전,880 ,52500 ,50000 ,,
453,제주특별자치도 서귀포시 표선면 성읍리 616,전,846 ,30000 ,28800 ,,
454,제주특별자치도 서귀포시 표선면 성읍리 2045-4,목,15 ,32000 ,35500 ,,
455,제주특별자치도 서귀포시 표선면 성읍리 2432,대,655 ,77000 ,65200 ,,
456,제주특별자치도 서귀포시 표선면 성읍리 2669,대,1200 ,77000 ,69000 ,,
457,제주특별자치도 서귀포시 표선면 성읍리 2669-2,잡,1193 ,77000 ,74600 ,,
458,제주특별자치도 서귀포시 표선면 성읍리 2671,잡,3443 ,77000 ,87300 ,,
459,제주특별자치도 서귀포시 표선면 가시리 1049-2,임,19431 ,26500 ,19500 ,,
460,제주특별자치도 서귀포시 표선면 가시리 1090,전,1180 ,43000 ,31800 ,,
461,제주특별자치도 서귀포시 표선면 가시리 2157,전,1590 ,43000 ,29900 ,,
462,제주특별자치도 서귀포시 표선면 가시리 2210,과,4336 ,48000 ,42700 ,,
463,제주특별자치도 서귀포시 표선면 가시리 3401,전,1206 ,28500 ,21500 ,,